A,group,A,group,A,group
0.034998051822185516,training,0.03478965535759926,valid,0.05707843229174614,test
