A,group,A,group,A,group
0.06232898381928478,training,0.06631463406766504,valid,0.1316561426587395,test
