B,group,B,group,B,group
0.08652646455571684,training,0.1469814449990292,valid,0.12912786824612663,test
