B,group,B,group,B,group
0.06179569661617279,training,0.08830930292606354,valid,0.08318119496107101,test
