E,group,E,group,E,group
0.04900510981678963,training,0.06702687591314316,valid,0.06942883878946304,test
