E,group,E,group,E,group
0.07775401904747875,training,0.11484145807717012,valid,0.1139656431338428,test
