L,group,L,group,L,group
0.2025626003742218,training,0.2747832238674164,valid,0.2569359838962555,test
