L,group,L,group,L,group
0.3251732483673019,training,0.40316804685602153,valid,0.3988835138460114,test
