S,group,S,group,S,group
0.085983635157841,training,0.2360828719167131,valid,0.19104779992472853,test
