S,group,S,group,S,group
0.061193473637104034,training,0.1216287612915039,valid,0.11285586655139923,test
